<?xml version="1.0" standalone="yes"?>  <DATAPACKET Version="2.0"><METADATA><FIELDS><FIELD attrname="CODIGO" fieldtype="i4"/><FIELD attrname="SALARIO" fieldtype="r8" SUBTYPE="Money"/><FIELD attrname="NOME" fieldtype="string" WIDTH="30"/></FIELDS><PARAMS CHANGE_LOG="1 0 4 2 0 4 3 0 4 4 0 4 5 0 4"/></METADATA><ROWDATA><ROW RowState="4" CODIGO="1" SALARIO="100" NOME="ADAO"/><ROW RowState="4" CODIGO="2" SALARIO="200" NOME="ABRAAO"/><ROW RowState="4" CODIGO="3" SALARIO="5418" NOME="MOISES"/><ROW RowState="4" CODIGO="4" SALARIO="7451" NOME="JESUS"/><ROW RowState="4" CODIGO="5" SALARIO="14" NOME="MAOME"/></ROWDATA></DATAPACKET>